id,user,title,content,photo1,photo2,photo3,created_at,updated_at
admin,飯島手記,最初の投稿。,images_-_2020-10-23T143213.044_ZTlOecV.jpg,images_-_2020-10-23T143213.048.jpg,images_48.jpg,2021-03-11,2021-03-11
admin,飯島手記,最初の投稿,photo_space_hubble-5.webp,images_-_2020-10-23T143213.052_y4Y6spd.jpg,images_-_2020-10-23T143213.044_GBZ4Tcm.jpg,2021-03-11,2021-03-11
admin,飯島日記,Today,images_-_2020-10-23T143213.040.jpg,,,2021-03-11,2021-03-11
admin,Oh Yeah!!,本文テキスト。,,,,2021-03-11,2021-03-11
admin,テスト投稿,テスト投稿本文,,,,2021-03-11,2021-03-11
admin,最終投稿,pagination,,,,2021-03-11,2021-03-11
admin,飯島翼、暇すぎる,時間が有り余っている。一日は20時間くらいでいい。,image_6.png,iOS_の画像_3.jpg,,2021-03-18,2021-03-18
admin,SAC_チャットテスト,dfghijok,,,,2021-03-18,2021-03-18
admin,再接続可能に,03/23に日記サイト復旧。,yokohama_twilight.jpg,,,2021-03-22,2021-03-22
admin,編集機能追加,編集用投稿。（編集済み）,20200329_aoi_eye.jpg,,,2021-03-24,2021-03-24
